Map;Boxes;Algorithm;Success;Cost;Expanded;Max_Frontier;Avg_Time_s;Peak_RAM_MB
example_map;7;UCS;TRUE;34;494987;112479;29.553;2.100.422
example_map;7;A*;TRUE;34;12729;2958;0.0869;52.036
map2;1;UCS;TRUE;5;62;29;0.0002;0.0171
map2;1;A*;TRUE;5;19;6;0.0001;0.0093
map3;2;UCS;TRUE;16;7346;2085;0.0269;23.203
map3;2;A*;TRUE;16;449;238;0.0026;0.1204
map4;3;UCS;TRUE;24;364270;99170;21.896;1.373.912
map4;3;A*;TRUE;24;6854;3051;0.025;25.277
map5;3;UCS;TRUE;18;35285;9075;0.1695;156.547
map5;3;A*;TRUE;18;5848;2004;0.0234;20.824
